window_title,process_name,label
Peer-Review Integrity in Forensic Assessments: A Systematic Review - Journal of Forensic Psychology,msedge.exe,on_task
The Shocking Truth Behind the Smith Family Murders: Exclusive Blog Coverage,msedge.exe,distracted
Methodological Flaws in Current Peer-Review Processes for Expert Testimony,msedge.exe,on_task
Top 10 Most Disturbing Confessions of 2024 - TrueCrimeDaily Blog,msedge.exe,distracted
Bias in Blind Review: Implications for Forensic Psychology Certification Boards,msedge.exe,on_task
Inside the Mind of a Killer: A Deep Dive into the Recent Courtroom Drama,msedge.exe,distracted
Replication Crisis in Forensic Science: Evaluating Peer-Review Standards,msedge.exe,on_task
Unsolved Mysteries: Why This Forensic Evidence Was Ignored (Blog Post),msedge.exe,distracted
Ethical Guidelines for Reviewers in Forensic Psychology Journals - APA Publication,msedge.exe,on_task
Case Study Analysis: How Peer Review Failed in the Jones Trial Verdict,msedge.exe,on_task
Organic Chemistry: Reaction Mechanisms - Lecture 14 [Video],chrome.exe,on_task
Top 10 Funniest Cat Fails 2027 [Video],chrome.exe,distracted
Thermodynamics Problem Set 3 - Notes.docx,winword.exe,on_task
ASOS - Men's Sale Items - Shopping Cart,msedge.exe,distracted
project_euler_solver.py - Visual Studio Code,code.exe,on_task
skyrim_mod_loader_script.py - Visual Studio Code,code.exe,distracted
The_Canterbury_Tales_General_Prologue_Annotated.txt - Sublime Text,sublime_text.exe,on_task
The_Canterbury_Tales_Wife_of_Bath_Notes.txt - Sublime Text,sublime_text.exe,on_task
The_Canterbury_Tales_Miller_Tale_Lecture_Draft.txt - Sublime Text,sublime_text.exe,on_task
The_Canterbury_Tales_Clerks_Tale_Analysis.txt - Sublime Text,sublime_text.exe,on_task
The_Canterbury_Tales_Pardoner_Tale_Themes.txt - Sublime Text,sublime_text.exe,on_task
The_Canterbury_Tales_Knights_Tale_Comparison.txt - Sublime Text,sublime_text.exe,on_task
Short_Story_Draft_The_Ghost_in_the_Garden.txt - Sublime Text,sublime_text.exe,distracted
Short_Story_Draft_Midnight_at_the_Bakery.txt - Sublime Text,sublime_text.exe,distracted
Short_Story_Draft_The_Last_Train_Home.txt - Sublime Text,sublime_text.exe,distracted
Short_Story_Draft_A_Conversation_with_Crows.txt - Sublime Text,sublime_text.exe,distracted
Short_Story_Draft_The_Unopened_Letter.txt - Sublime Text,sublime_text.exe,distracted
Short_Story_Draft_Whispers_in_the_Library.txt - Sublime Text,sublime_text.exe,distracted
Lecture 4: Quantum Mechanics - PHYS201,msedge.exe,on_task
Top 10 Quantum Physics Moments in Movies,msedge.exe,distracted
main.cpp - QuantumSimulator [Coursework],code.exe,on_task
main.cpp - EldenRingMod [Personal],code.exe,distracted
Thermodynamics_Chapter3.pdf,chrome.exe,on_task
ConcertTickets_OrderConfirm.pdf,chrome.exe,distracted
Lecture 4: Thermodynamics Cycles - YouTube,chrome.exe,on_task
VS Code - src/game_mod_physics.js,code.exe,distracted
Order Confirmation - Concert Tickets.pdf,msedge.exe,distracted
Quantum Mechanics Lecture 4 - YouTube,chrome.exe,on_task
Top 10 Gaming Moments - YouTube,chrome.exe,distracted
project_mod_loader.cpp - Visual Studio Code,code.exe,distracted
Thermodynamics Problem Set 3.pdf,msedge.exe,on_task
Concert Tickets - SeatGeek,msedge.exe,distracted
Lecture 4: Dynamic Programming - CS201,chrome.exe,on_task
Top 10 Gaming Moments of 2026,chrome.exe,distracted
final_project_mod.cpp - Visual Studio Code,code.exe,on_task
speedrun_any%_guide.md - Visual Studio Code,code.exe,distracted
YouTube - GCSE English Language: Paper 1 Section B Writing Skills,chrome.exe,on_task
YouTube - Top 10 Funniest Cat Fails of 2026,chrome.exe,distracted
Visual Studio Code - project_mod_loader.lua [GTA V Modding],code.exe,distracted
Visual Studio Code - history_essay_draft_v3.py,code.exe,on_task
Microsoft Edge - AQA History Revision Notes: The Cold War,msedge.exe,on_task
Microsoft Edge - Ticketmaster: Coldplay London 2027 Seats,msedge.exe,distracted
Discord - Server: Study Group A-Level History,discord.exe,on_task
Discord - Server: Valorant Ranked Lobby,discord.exe,distracted
"Consortium Bylaws Amendment Draft v4.2 – Governance Portal"" | **Process Name**: msedge.exe | **Task Label**: on_task",msedge.exe,distracted
"Member Institution Voting Results Q3 – Consortium Dashboard"" | **Process Name**: msedge.exe | **Task Label**: on_task",msedge.exe,distracted
"Upload Compliance Certificates – Regional Accreditation Portal"" | **Process Name**: msedge.exe | **Task Label**: on_task",msedge.exe,distracted
"Strategic Plan 2025-2030: Executive Summary Review – Admin Secure"" | **Process Name**: msedge.exe | **Task Label**: on_task",msedge.exe,distracted
"Committee Meeting Minutes Archive: Finance & Audit – Consortium Hub"" | **Process Name**: msedge.exe | **Task Label**: on_task",msedge.exe,distracted
"Draft MOU for Inter-Institutional Research Sharing – Legal Docs Portal"" | **Process Name**: msedge.exe | **Task Label**: on_task",msedge.exe,distracted
"Annual Report Data Submission Form – Consortium Compliance Center"" | **Process Name**: msedge.exe | **Task Label**: on_task",msedge.exe,distracted
AP World History: The Cold War - Lecture 4,chrome.exe,on_task
Buy Concert Tickets - SeatGeek,chrome.exe,distracted
essay_draft.docx - Word,winword.exe,on_task
Minecraft Modding Tutorial,code.exe,distracted
'Lecture 14: Quantum Mechanics - PHYS201',chrome.exe,on_task
'Top 10 Funniest Cat Fails 2026',chrome.exe,distracted
'project_euler_sol.py - Visual Studio Code',code.exe,on_task
'skyrim_mod_loader_config.txt - Visual Studio Code',code.exe,distracted
'Calculus_Notes_Ch7.pdf',msedge.exe,on_task
'Concert_Tickets_Confirmation.pdf',msedge.exe,distracted
"IELTS Speaking Band Descriptors – Official PDF"" | **Process**: msedge.exe | **Task Label**: on_task",msedge.exe,distracted
"Public Version of IELTS Writing Task 2 Assessment Criteria"" | **Process**: msedge.exe | **Task Label**: on_task",msedge.exe,distracted
"IELTS Listening Mark Scheme 2024 – Cambridge English"" | **Process**: msedge.exe | **Task Label**: on_task",msedge.exe,distracted
"Examiner Training Module: Standardization of Scoring"" | **Process**: msedge.exe | **Task Label**: on_task",msedge.exe,distracted
"Official IELTS Coherence and Cohesion Rubric"" | **Process**: msedge.exe | **Task Label**: on_task",msedge.exe,distracted
"IELTS Lexical Resource Guidelines – British Council"" | **Process**: msedge.exe | **Task Label**: on_task",msedge.exe,distracted
"Grammatical Range and Accuracy: Official Descriptor Details"" | **Process**: msedge.exe | **Task Label**: on_task",msedge.exe,distracted
"IELTS Examiner Manual: Handling Irrelevant Answers"" | **Process**: msedge.exe | **Task Label**: on_task",msedge.exe,distracted
"Standardized Pronunciation Scoring Criteria – IDP"" | **Process**: msedge.exe | **Task Label**: on_task",msedge.exe,distracted
"IELTS Task Response Requirements: Full Band 9 Definition"" | **Process**: msedge.exe | **Task Label**: on_task",msedge.exe,distracted
"Official IELTS Examiner Recertification Portal"" | **Process**: msedge.exe | **Task Label**: on_task",msedge.exe,distracted
"Cambridge IELTS 18 Answer Key and Explanations"" | **Process**: msedge.exe | **Task Label**: on_task",msedge.exe,distracted
Lecture 4: Organic Chemistry Mechanisms - YouTube,chrome.exe,on_task
Top 10 Funniest Cat Fails - YouTube,chrome.exe,distracted
main.py - CS301_Final_Project,code.exe,on_task
script.lua - Skyrim_Mod_Development,code.exe,distracted
Introduction_to_Macroeconomics_Ch3.pdf,msedge.exe,on_task
Taylor_Swift_Eras_Tour_Tickets_Confirmation.pdf,msedge.exe,distracted
"Racial_Discourse_Southern_Fiction_Draft.docx - Word"" | **Process Name**: winword.exe | **Task Label**: on_task",winword.exe,distracted
"Faulkner_and_Racial_Narratives_Analysis.docx - Word"" | **Process Name**: winword.exe | **Task Label**: on_task",winword.exe,distracted
"Southern_Gothic_Racial_Dynamics_Paper.docx - Word"" | **Process Name**: winword.exe | **Task Label**: on_task",winword.exe,distracted
"Code_Switching_in_American_Lit_Study.docx - Word"" | **Process Name**: winword.exe | **Task Label**: on_task",winword.exe,distracted
"Race_Relations_Post_Civil_War_Fiction.docx - Word"" | **Process Name**: winword.exe | **Task Label**: on_task",winword.exe,distracted
"Dialect_and_Racial_Identity_Southern_Novels.docx - Word"" | **Process Name**: winword.exe | **Task Label**: on_task",winword.exe,distracted
Lecture 4: The Industrial Revolution - YouTube,chrome.exe,on_task
Top 10 Indie Games to Play This Weekend - YouTube,chrome.exe,distracted
"history_essay_draft.txt"" (in VS Code)",code.exe,on_task
"minecraft_mod_config.json"" (in VS Code)",code.exe,distracted
"Chapter 3: Climate Zones - Course Notes PDF"" (in Edge)",msedge.exe,on_task
"Concert Tickets for The National - Order Confirmation PDF"" (in Edge)",msedge.exe,distracted
"Global Education Policy Indicators 2024 - Comparative Data Dashboard"" | **Process Name**: chrome.exe | **Task Label**: on_task",chrome.exe,distracted
"OECD Education at a Glance: Cross-National Funding Models"" | **Process Name**: chrome.exe | **Task Label**: on_task",chrome.exe,distracted
"UNESCO Institute for Statistics: Literacy Rates by Region"" | **Process Name**: chrome.exe | **Task Label**: on_task",chrome.exe,distracted
"Comparative Analysis of Teacher Certification Policies: EU vs US"" | **Process Name**: chrome.exe | **Task Label**: on_task",chrome.exe,distracted
"World Bank Open Data: Education Expenditure per Student"" | **Process Name**: chrome.exe | **Task Label**: on_task",chrome.exe,distracted
"PISA 2023 Results: Mathematical Literacy Trends Across Nations"" | **Process Name**: chrome.exe | **Task Label**: on_task",chrome.exe,distracted
AAVE_Curriculum_Draft_v3.docx - Microsoft Word,winword.exe,on_task
Why_Slang_Is_Taking_Over_Blog_Post.docx - Microsoft Word,winword.exe,distracted
Linguistics_101_AAVE_Lesson_Plan.docx - Microsoft Word,winword.exe,on_task
My_Thoughts_on_TikTok_Language.docx - Microsoft Word,winword.exe,distracted
Final_Draft_AAVE_Educational_Policy.docx - Microsoft Word,winword.exe,on_task
Weekend_Rant_Gen_Z_Speak.docx - Microsoft Word,winword.exe,distracted
Seminar_Notes_AAVE_in_Classrooms.docx - Microsoft Word,winword.exe,on_task
Draft_Post_Evolution_of_Memes.docx - Microsoft Word,winword.exe,distracted
Grant_Proposal_AAVE_Research_Initiative.docx - Microsoft Word,winword.exe,on_task
Personal_Essay_Language_Pet_Peeves.docx - Microsoft Word,winword.exe,distracted
Course_Module_Dialect_Variation_AAVE.docx - Microsoft Word,winword.exe,on_task
Blog_Article_Top_10_New_Words_2024.docx - Microsoft Word,winword.exe,distracted
Lecture 4: Dynamic Programming - CS301,chrome.exe,on_task
Top 10 Epic Gaming Moments,chrome.exe,distracted
Final_Exam_Notes.docx,winword.exe,on_task
Summer Festival Tickets.pdf,winword.exe,distracted
Project Alpha: Pathfinding Algorithm,code.exe,on_task
Skyrim Mod: New Armor,code.exe,distracted
The Industrial Revolution: Crash Course History #32 - YouTube,chrome.exe,on_task
Buy Concert Tickets - O2 Arena London,chrome.exe,distracted
main.py - mod_inventory_system [VS Code],code.exe,distracted
Jane Eyre - Full Text PDF,chrome.exe,on_task
Discord - #general - Study Group,discord.exe,on_task
"PGPM_2024_Course_Structure_Final.docx - Word"" | **Process Name**: winword.exe | **Task Label**: on_task",winword.exe,distracted
"PGPM_Core_Curriculum_Overview_v3.docx - Word"" | **Process Name**: winword.exe | **Task Label**: on_task",winword.exe,distracted
"PGPM_Module_Allocation_Matrix.docx - Word"" | **Process Name**: winword.exe | **Task Label**: on_task",winword.exe,distracted
"PGPM_Academic_Roadmap_2024-2025.docx - Word"" | **Process Name**: winword.exe | **Task Label**: on_task",winword.exe,distracted
"PGPM_Credit_Requirement_Breakdown.docx - Word"" | **Process Name**: winword.exe | **Task Label**: on_task",winword.exe,distracted
"PGPM_Elective_Selection_Guidelines.docx - Word"" | **Process Name**: winword.exe | **Task Label**: on_task",winword.exe,distracted
"PGPM_Semester_Wise_Syllabus_Draft.docx - Word"" | **Process Name**: winword.exe | **Task Label**: on_task",winword.exe,distracted
VS Code - mod_inventory_items.cpp,code.exe,distracted
Quantum Mechanics: Lecture 4 - Potential Wells [YouTube],chrome.exe,on_task
Top 10 Quantum Mechanics Fails [YouTube],chrome.exe,distracted
CS101_Assignment3_Solutions.pdf,chrome.exe,on_task
Black Friday Deals - Laptops & Accessories [Chrome],chrome.exe,distracted
main.cpp - StudentPortalSubmission - Visual Studio Code,code.exe,on_task
main.cpp - SkyrimModdingProject - Visual Studio Code,code.exe,distracted
Lecture 4: The French Revolution - YouTube,chrome.exe,on_task
Top 10 Funny Cat Fails 2027 - YouTube,chrome.exe,distracted
History 101: Exam Notes - OneNote,onenote.exe,on_task
"Black Friday Deals: Laptops & Tablets - Word"" (User accidentally opened a shopping page in a web view or similar, but let's stick to the prompt's specific request for identical apps where title is the key. A better example for Word might be opening a non-school document, but the prompt asked for ""course notes vs online shopping"" which usually implies a browser. Let's try the IDE example for clearer contrast within the allowed list).",chrome.exe,on_task
Minecraft Speedrun World Record Attempts - Google Chrome,chrome.exe,distracted
main.py - CourseProject - Visual Studio Code,code.exe,on_task
skyrim_mod_script.lua - ModdingTest - Visual Studio Code,code.exe,distracted
"Introduction to Macroeconomics.pdf - Adobe Reader"" (Wait, process must be from list. Let's use Edge for PDFs).",msedge.exe,on_task
Concert Tickets - Taylor Swift Tour.pdf - Microsoft Edge,msedge.exe,distracted
Study Group: History Final Prep - Discord,discord.exe,on_task
General Memes & Gaming Chat - Discord,discord.exe,distracted
"Unit_4_TextToSelf_Reflections.docx - Word"" | **Process Name**: winword.exe | **Task Label**: on_task",winword.exe,distracted
"Lesson_Plan_Grading_Notes.docx - Word"" | **Process Name**: winword.exe | **Task Label**: on_task",winword.exe,distracted
"Student_Essay_Feedback_Draft.docx - Word"" | **Process Name**: winword.exe | **Task Label**: on_task",winword.exe,distracted
"Curriculum_Map_Spring_Sem.docx - Word"" | **Process Name**: winword.exe | **Task Label**: on_task",winword.exe,distracted
"Department_Meeting_Minutes.docx - Word"" | **Process Name**: winword.exe | **Task Label**: on_task",winword.exe,distracted
"Parent_Conference_Prep.docx - Word"" | **Process Name**: winword.exe | **Task Label**: on_task",winword.exe,distracted
World War II Causes - Lecture 4 [YouTube],chrome.exe,on_task
project_mod_final.cpp,code.exe,distracted
Essay_Draft_History.docx,winword.exe,on_task
Steam Store - Elden Ring DLC,steam.exe,distracted
Geography_Textbook_Ch3.pdf,chrome.exe,on_task
Khan Academy: Organic Chemistry Mechanisms,chrome.exe,on_task
Top 10 Funny Cat Fails 2027,chrome.exe,distracted
project_calc_v2.py,code.exe,on_task
mod_loader_config.json,code.exe,distracted
Biology_Chapter4_Notes.docx,winword.exe,on_task
Confirm Your Ticket Order - Taylor Swift Tour.docx,winword.exe,distracted
Operating Systems: Process Scheduling Lecture 4 - YouTube,chrome.exe,on_task
Top 10 Funniest Gaming Fails 2026 - YouTube,chrome.exe,distracted
cs301_assignment_scheduler.cpp - Visual Studio Code,code.exe,on_task
skyrim_mod_inventory_fix.lua - Visual Studio Code,code.exe,distracted
Week 5 Notes - Algorithms.pdf - Microsoft Edge,msedge.exe,on_task
Taylor Swift Eras Tour Tickets - Checkout.pdf - Microsoft Edge,msedge.exe,distracted
Top 10 Funniest Cat Fails 2027 - YouTube,chrome.exe,distracted
Calculus_II_Notes_Chapter4.docx,winword.exe,on_task
Buy Sneakers - Nike Official Store,msedge.exe,distracted
Project_Mars_GameMod_Final.cs,code.exe,distracted
AP_Physics_Textbook_Scan.pdf,msedge.exe,on_task
Top 10 Funniest Cat Fails 2026,chrome.exe,distracted
project_modder.py - Visual Studio Code,code.exe,distracted
final_exam_review_notes.docx - Word,winword.exe,on_task
Concert Tickets - Checkout,chrome.exe,distracted
"Being_and_Time_Heidegger_Course_Reader.pdf - Adobe Acrobat Reader DC"" | **Process Name**: acrobat.exe | **Task Label**: on_task",acrobat.exe,distracted
"Existentialism_Is_a_Humanism_Sartre_Assignment.pdf - Adobe Acrobat Reader DC"" | **Process Name**: acrobat.exe | **Task Label**: on_task",acrobat.exe,distracted
"Nausea_Excerpts_Final_Draft_for_Seminar.pdf - Adobe Acrobat Reader DC"" | **Process Name**: acrobat.exe | **Task Label**: on_task",acrobat.exe,distracted
"Camus_The_Myth_of_Sisyphus_Required_Reading.pdf - Adobe Acrobat Reader DC"" | **Process Name**: acrobat.exe | **Task Label**: on_task",acrobat.exe,distracted
"Kierkegaard_Fear_and_Trembling_Week4.pdf - Adobe Acrobat Reader DC"" | **Process Name**: acrobat.exe | **Task Label**: on_task",acrobat.exe,distracted
"De_Beauvoir_The_Second_Sex_Chapter1_Course.pdf - Adobe Acrobat Reader DC"" | **Process Name**: acrobat.exe | **Task Label**: on_task",acrobat.exe,distracted
Chapter 4: Thermodynamics Lecture - Week 6.mp4,chrome.exe,on_task
notes_physics_final_draft.docx - Word,winword.exe,on_task
Buy New Sneakers - Nike Official Store.docx - Word,winword.exe,distracted
project_euler_problem_45.py - Visual Studio Code,code.exe,on_task
Calculus_Textbook_Edition3_Ch2.pdf,chrome.exe,on_task
Coldplay_Tour_Tickets_Confirmation.pdf,chrome.exe,distracted
SocioEmotional_Barriers_Curriculum_Draft_v3.docx - Word,winword.exe,on_task
My_Spanish_Learning_Journal_October.docx - Word,winword.exe,distracted
SEL_Integration_Framework_Final.docx - Word,winword.exe,on_task
Personal_French_Vocab_Tracker.docx - Word,winword.exe,distracted
Affective_Filter_Lesson_Plan_Grade9.docx - Word,winword.exe,on_task
Italian_Immersion_Trip_Notes.docx - Word,winword.exe,distracted
Anxiety_Reduction_Strategies_Syllabus.docx - Word,winword.exe,on_task
German_Grammar_Diary_Entries.docx - Word,winword.exe,distracted
Empathy_Building_Activities_Module2.docx - Word,winword.exe,on_task
Mandarin_Tone_Practice_Log.docx - Word,winword.exe,distracted
Trauma_Informed_Pedagility_Guidelines.docx - Word,winword.exe,on_task
Portuguese_Fluent_Dreams_Reflections.docx - Word,winword.exe,distracted
Student_Wellbeing_Assessment_Rubric.docx - Word,winword.exe,on_task
Japanese_Kanji_Memory_Challenge.docx - Word,winword.exe,distracted
Motivation_Barriers_Teacher_Training.docx - Word,winword.exe,on_task
`bengali_drama_draft.txt - vim` | **Process Name**: vim.exe | **Task Label**: on_task,vim.exe,distracted
`shakespeare_analysis_notes.txt - vim` | **Process Name**: vim.exe | **Task Label**: on_task,vim.exe,distracted
`tagore_theater_critique.txt - vim` | **Process Name**: vim.exe | **Task Label**: on_task,vim.exe,distracted
`modern_bengali_stage.txt - vim` | **Process Name**: vim.exe | **Task Label**: on_task,vim.exe,distracted
`hamlet_context_review.txt - vim` | **Process Name**: vim.exe | **Task Label**: on_task,vim.exe,distracted
`drama_syllabus_updates.txt - vim` | **Process Name**: vim.exe | **Task Label**: on_task,vim.exe,distracted
`bengali_folk_theater.txt - vim` | **Process Name**: vim.exe | **Task Label**: on_task,vim.exe,distracted
`shakespeare_lecture_prep.txt - vim` | **Process Name**: vim.exe | **Task Label**: on_task,vim.exe,distracted
`comparative_drama_study.txt - vim` | **Process Name**: vim.exe | **Task Label**: on_task,vim.exe,distracted
`bengali_tragedy_outline.txt - vim` | **Process Name**: vim.exe | **Task Label**: on_task,vim.exe,distracted
`elizabethan_stage_notes.txt - vim` | **Process Name**: vim.exe | **Task Label**: on_task,vim.exe,distracted
`drama_history_chapter4.txt - vim` | **Process Name**: vim.exe | **Task Label**: on_task,vim.exe,distracted
`shakespeare_seminar_prep.txt - vim` | **Process Name**: vim.exe | **Task Label**: on_task,vim.exe,distracted
`bengali_performance_art.txt - vim` | **Process Name**: vim.exe | **Task Label**: on_task,vim.exe,distracted
`global_drama_curriculum.txt - vim` | **Process Name**: vim.exe | **Task Label**: on_task,vim.exe,distracted
`shakespearean_tragedies.txt - vim` | **Process Name**: vim.exe | **Task Label**: on_task,vim.exe,distracted
'Lecture 4: Data Structures - YouTube',chrome.exe,on_task
'Top 10 Gaming Moments - YouTube',chrome.exe,distracted
'CS101_Notes.docx - Word',winword.exe,on_task
'Buy Concert Tickets - Eventbrite',msedge.exe,distracted
'Project: Sorting Algorithms - Visual Studio Code',code.exe,on_task
'Modding Skyrim: Script Extender - Visual Studio Code',code.exe,distracted
"State Archive of the Russian Empire: Manifesto on Emancipation of Serfs (1861)"" | **Process Name**: chrome.exe | **Task Label**: on_task",chrome.exe,distracted
"Digital Collection: Alexander II's Judicial Reform Documents"" | **Process Name**: chrome.exe | **Task Label**: on_task",chrome.exe,distracted
"Primary Sources: The Great Reforms of the 1860s Database"" | **Process Name**: chrome.exe | **Task Label**: on_task",chrome.exe,distracted
"Archival Record: Zemstvo Assembly Minutes (1864-1870)"" | **Process Name**: chrome.exe | **Task Label**: on_task",chrome.exe,distracted
"Ministry of Internal Affairs: Police Reform Statistics (1862)"" | **Process Name**: chrome.exe | **Task Label**: on_task",chrome.exe,distracted
"University Archive: Military Reform Conscription Rolls"" | **Process Name**: chrome.exe | **Task Label**: on_task",chrome.exe,distracted
"Census Data 1897: Demographic Shifts Under Tsarism"" | **Process Name**: chrome.exe | **Task Label**: on_task",chrome.exe,distracted
"IV Insertion: Venipuncture Techniques - Clinical Skills Module | Labster"" | **Process Name**: labster.exe | **Task Label**: on_task",labster.exe,distracted
"IV Therapy Fundamentals: Catheter Placement Protocol | Labster"" | **Process Name**: labster.exe | **Task Label**: on_task",labster.exe,distracted
"Clinical Competency: Peripheral IV Insertion Assessment | Labster"" | **Process Name**: labster.exe | **Task Label**: on_task",labster.exe,distracted
"Skills Lab: IV Line Maintenance and Troubleshooting | Labster"" | **Process Name**: labster.exe | **Task Label**: on_task",labster.exe,distracted
"Nursing Education: Safe IV Insertion Step-by-Step | Labster"" | **Process Name**: labster.exe | **Task Label**: on_task",labster.exe,distracted
"AP_Physics_C_Conceptual_Modeling_Assessment_Q3.docx - Word"" | **Process Name**: winword.exe | **Task Label**: on_task",chrome.exe,distracted
"Gravitational_Fields_Conceptual_Model_Rubric.docx - Word"" | **Process Name**: winword.exe | **Task Label**: on_task",chrome.exe,distracted
"Student_Misconceptions_in_Kinematic_Modeling_Analysis.docx - Word"" | **Process Name**: winword.exe | **Task Label**: on_task",chrome.exe,distracted
"AP_Physics_1_Energy_Modeling_Free_Response_Draft.docx - Word"" | **Process Name**: winword.exe | **Task Label**: on_task",chrome.exe,distracted
"Electromagnetism_Conceptual_Framework_Lesson_Plan.docx - Word"" | **Process Name**: winword.exe | **Task Label**: on_task",chrome.exe,distracted
'Thermodynamics Lecture 4 - Week 6',chrome.exe,on_task
'Elden Ring Speedrun Any% Glitchless',chrome.exe,distracted
'CS101 Data Structures Final Project - main.cpp',code.exe,on_task
'Skyrim SE - Frostfall Mod Configuration',code.exe,distracted
'Physics Formula Sheet Draft',winword.exe,on_task
'Buy Concert Tickets - Checkout',winword.exe,distracted
Lecture 4: Introduction to Macroeconomics - YouTube,chrome.exe,on_task
Top 10 Funniest Cat Fails of 2024 - YouTube,chrome.exe,distracted
BIO201_Final_Notes.docx - Word,winword.exe,on_task
Summer Sale: Up to 70% Off Sneakers - FootLocker,winword.exe,distracted
CS50 Lecture 12 - Dynamic Memory Allocation [Video],msedge.exe,on_task
Minecraft Speedrun World Record Attempt - Live Stream,msedge.exe,distracted
final_project_main.py - src - Visual Studio Code,code.exe,on_task
skyrim_mod_script_v2.py - src - Visual Studio Code,code.exe,distracted
Organic_Chemistry_Textbook_Ch5.pdf,chrome.exe,on_task
Taylor_Swift_Eras_Tour_Tickets_Confirmation.pdf,chrome.exe,distracted
"Atonement and the Ethics of Narrative: A Critical Analysis of Ian McEwan"" | **Process Name**: chrome.exe | **Task Label**: on_task",chrome.exe,distracted
"The Evolution of Moral Ambiguity in McEwan's Early Short Stories"" | **Process Name**: chrome.exe | **Task Label**: on_task",chrome.exe,distracted
"Saturday by Ian McEwan: Neurology and the Post-9/11 Novel (JSTOR)"" | **Process Name**: chrome.exe | **Task Label**: on_task",chrome.exe,distracted
"Draft: Chapter 3 - The Secular Sacrament in 'The Children Act'"" | **Process Name**: chrome.exe | **Task Label**: on_task",chrome.exe,distracted
"Pedagogical Approaches to Teaching 'Amsterdam' in Undergraduate Seminars"" | **Process Name**: chrome.exe | **Task Label**: on_task",chrome.exe,distracted
"Reviewing Peer Submissions: McEwan and the Concept of Regret"" | **Process Name**: chrome.exe | **Task Label**: on_task",chrome.exe,distracted
"Archival Notes: Correspondence between McEwan and Martin Amis"" | **Process Name**: chrome.exe | **Task Label**: on_task",chrome.exe,distracted
Limiting Reagents - Stoichiometry Lecture,chrome.exe,on_task
Top 10 Funniest Cat Fails 2027,chrome.exe,distracted
thermodynamics_notes.docx - Word,winword.exe,on_task
Glastonbury 2027 Ticket Confirmation.pdf,msedge.exe,distracted
The Cold War: Causes and Consequences - Lecture 4 [YouTube],chrome.exe,on_task
mod_config.lua - Fallout 4 Script Extender,code.exe,distracted
A-Level History Notes: The Treaty of Versailles - Google Docs,chrome.exe,on_task
Lecture 4: The French Revolution - HIST101 - YouTube,chrome.exe,on_task
Top 10 Funniest Cat Fails of 2026 - YouTube,chrome.exe,distracted
main.py - python_intro_assignment - Visual Studio Code,code.exe,on_task
skyblock_mod_loader.java - MinecraftForge - Visual Studio Code,code.exe,distracted
Introduction_to_Macroeconomics_Ch3.pdf - Adobe Acrobat Reader DC,acrord32.exe,on_task
Calculus_II_Textbook_Sec4.2.pdf - Google Chrome,chrome.exe,on_task
Taylor Swift Eras Tour - Ticket Confirmation.pdf - Google Chrome,chrome.exe,distracted
Week 5 Notes - History Study Group | Discord,discord.exe,on_task
General Memes 🤣 | Discord,discord.exe,distracted
A-Level Physics: Quantum Mechanics Lecture 4 - YouTube,chrome.exe,on_task
Buy Cheap Gaming Headsets & Keyboards | TechStore,chrome.exe,distracted
minecraft_mod_config.json - Visual Studio Code,code.exe,distracted
Edexcel_Chemistry_Notes_Chapter4.pdf - Adobe Reader,chrome.exe,on_task
Glastonbury_2026_Ticket_Confirmation.pdf - Adobe Reader,chrome.exe,distracted
Quantum Mechanics Lecture 4 - Entanglement (YouTube),chrome.exe,on_task
Top 10 Funniest Cat Fails 2026 (YouTube),chrome.exe,distracted
notes_cs_algorithms.docx - Word,winword.exe,on_task
Buy Cheap Sneakers | Nike UK - Word,winword.exe,distracted
project_mod_loader.py - Visual Studio Code,code.exe,distracted
server_tick_rate_fix.py - Visual Studio Code,code.exe,on_task
A-Level_Physics_Textbook_Chapter3.pdf,chrome.exe,on_task
Coldplay_London_Tickets_Confirmation.pdf,chrome.exe,distracted
Quantum Mechanics: Wave Functions - Lecture 4,chrome.exe,on_task
Elden Ring Speedrun World Record,chrome.exe,distracted
CS101_Final_Project_Module.py - Visual Studio Code,code.exe,on_task
Skyrim Modding Guide - Script Fixes,code.exe,distracted
Thermodynamics_Problem_Set_3.pdf,msedge.exe,on_task
"Atmospheric Aerosol Forcing Mechanisms in the Arctic - Manuscript.docx"" | **Process Name**: winword.exe | **Task Label**: on_task",winword.exe,distracted
"Stratospheric Ozone Depletion Trends 2024 - Final Review.docx"" | **Process Name**: winword.exe | **Task Label**: on_task",winword.exe,distracted
"Modeling Precipitation Patterns in Semi-Arid Regions.docx"" | **Process Name**: winword.exe | **Task Label**: on_task",winword.exe,distracted
"Impact of Methane Hydrates on Global Warming Potentials.docx"" | **Process Name**: winword.exe | **Task Label**: on_task",winword.exe,distracted
"Paleoclimatic Reconstruction Using Ice Core Data.docx"" | **Process Name**: winword.exe | **Task Label**: on_task",winword.exe,distracted
"Materiality and Memory: Pottery Traditions in the Andes - JSTOR"" | **Process Name**: msedge.exe | **Task Label**: on_task",msedge.exe,distracted
"The Semiotics of Textile Patterns in West Africa - Sage Journals"" | **Process Name**: msedge.exe | **Task Label**: on_task",msedge.exe,distracted
"Ritual Objects and Social Cohesion: A Case Study - Anthropological Quarterly"" | **Process Name**: msedge.exe | **Task Label**: on_task",msedge.exe,distracted
"Exchange Systems and Gift Economies in Melanesia - Project MUSE"" | **Process Name**: msedge.exe | **Task Label**: on_task",msedge.exe,distracted
"Domestic Space and Material Culture in Urban Japan - Taylor & Francis Online"" | **Process Name**: msedge.exe | **Task Label**: on_task",msedge.exe,distracted
"Knowledge Representation in Large Language Models: A Survey - PDF Viewer"" | **Process Name**: msedge.exe | **Task Label**: on_task",msedge.exe,distracted
"Ontological Engineering for Educational Data Mining | SpringerLink"" | **Process Name**: msedge.exe | **Task Label**: on_task",msedge.exe,distracted
"Symbolic vs. Connectionist Approaches to Knowledge Acquisition (Draft v3)"" | **Process Name**: msedge.exe | **Task Label**: on_task",msedge.exe,distracted
"Formalizing Commonsense Reasoning in Intelligent Tutoring Systems - ACM Digital Library"" | **Process Name**: msedge.exe | **Task Label**: on_task",msedge.exe,distracted
"Graph Neural Networks for Knowledge Graph Completion [ArXiv:2305.1234]"" | **Process Name**: msedge.exe | **Task Label**: on_task",msedge.exe,distracted
Lecture 4: Data Structures and Algorithms - YouTube,chrome.exe,on_task
CS101_Final_Revision_Notes.docx - Word,winword.exe,on_task
Best Deals on Gaming Laptops - Microsoft Edge,msedge.exe,distracted
main.py [C:\Users\Student\CS_Projects\ExamPrep],code.exe,on_task
mod_loader.cpp [C:\Users\Student\Games\SkyrimModding],code.exe,distracted
Great Gatsby Chapter 4 Analysis - Lecture.mp4,chrome.exe,on_task
Modding Skyrim: New Armor Textures - Nexus Mods,code.exe,distracted
The Industrial Revolution: Causes and Effects - Lecture 4 [YouTube],chrome.exe,on_task
Top 10 Most Shocking Historical Events You Won't Believe [YouTube],chrome.exe,distracted
main.py - Essay_Outline_History,code.exe,on_task
script.js - Minecraft_AutoMiner_Mod,code.exe,distracted
A-Level History Notes: The Cold War.pdf,msedge.exe,on_task
Ticketmaster - Coldplay Concert Tickets London.pdf,msedge.exe,distracted
Cellular Respiration Lecture - Khan Academy,chrome.exe,on_task
bio_lab_data_analysis.py,code.exe,on_task
minecraft_mod_renderer.js,code.exe,distracted
Chemistry Exam Notes - Chapter 4,winword.exe,on_task
Black Friday Laptop Deals List,winword.exe,distracted
Organic_Chemistry_Textbook_Ch7.pdf,acrobat.exe,on_task
Coldplay_Concert_Tickets_Confirmation.pdf,msedge.exe,distracted
Lecture 4: Data Structures and Algorithms - CS101 [YouTube],chrome.exe,on_task
Top 10 Epic Gaming Moments 2026 [YouTube],chrome.exe,distracted
notes_week5_pointers.md - Visual Studio Code,code.exe,on_task
skyrim_mod_config_final.lua - Visual Studio Code,code.exe,distracted
Physics_For_Scientists_Engineers_Ch12.pdf - Adobe Reader,acroread.exe,on_task
Ticketmaster - Order Confirmation: Coldplay Tour.pdf - Adobe Reader,acroread.exe,distracted
General Chat - #random - Discord,discord.exe,distracted
CS Study Group - Problem Set 3 Help - Discord,discord.exe,on_task
"Cross-Cultural Emotional Regulation Study - Data Analysis.spss - IBM SPSS Statistics Data Editor"", **Process Name**: spss.exe, **Task Label**: on_task",spss.exe,distracted
"Emotional Regulation Across Cultures: Final Dataset.spss - IBM SPSS Statistics Data Editor"", **Process Name**: spss.exe, **Task Label**: on_task",spss.exe,distracted
"Project AURA: Cross-Cultural Emotion Variables.spss - IBM SPSS Statistics Data Editor"", **Process Name**: spss.exe, **Task Label**: on_task",spss.exe,distracted
"Cultural Psych Study - Emotion Regulation Coding.spss - IBM SPSS Statistics Data Editor"", **Process Name**: spss.exe, **Task Label**: on_task",spss.exe,distracted
"Global Emotion Regulation Framework - SPSS Output.spss - IBM SPSS Statistics Data Editor"", **Process Name**: spss.exe, **Task Label**: on_task",spss.exe,distracted
"Q3_Hiring_Cost_Benefit_Analysis.xlsx - Excel"" | **Process Name**: excel.exe | **Task Label**: on_task",excel.exe,distracted
"OB_Lecture_Hiring_Model_Draft.xlsx - Excel"" | **Process Name**: excel.exe | **Task Label**: on_task",excel.exe,distracted
"Research_Grant_Staffing_Projections.xlsx - Excel"" | **Process Name**: excel.exe | **Task Label**: on_task",excel.exe,distracted
"Case_Study_Recruitment_ROI.xlsx - Excel"" | **Process Name**: excel.exe | **Task Label**: on_task",excel.exe,distracted
"Dept_Budget_New_Faculty_Hire.xlsx - Excel"" | **Process Name**: excel.exe | **Task Label**: on_task",excel.exe,distracted
"Seminar_Workshop_Staffing_Costs.xlsx - Excel"" | **Process Name**: excel.exe | **Task Label**: on_task",excel.exe,distracted
'The French Revolution: Causes and Effects - Lecture 4',chrome.exe,on_task
'Buy Concert Tickets - Best Prices',chrome.exe,distracted
'modding_stadium_lights.lua - Visual Studio Code',code.exe,distracted
'Geography_Notes_Chapter3.pdf',msedge.exe,on_task
FAFSA® Form Instructions & Deadlines | Federal Student Aid,chrome.exe,on_task
Top 10 Student Loan Forgiveness Scams You Need to Avoid – FinanceBuzz Blog,chrome.exe,distracted
2024-2025 FAFSA® Submission Summary – StudentAid.gov,chrome.exe,on_task
Biden's Latest Student Loan Forgiveness Plan: What It Means for You | NerdWallet,chrome.exe,distracted
Dependency Status Determination Guidelines | Federal Student Aid,chrome.exe,on_task
Will Student Loans Be Forgiven in 2025? Updates & Rumors – The College Investor,chrome.exe,distracted
FAFSA® Verification Process: Required Documentation Checklist,chrome.exe,on_task
Student Loan Forgiveness News: Latest Political Debates & Opinion Pieces | HuffPost,chrome.exe,distracted
Expected Family Contribution (EFC) Formula Guide – Federal Student Aid,chrome.exe,on_task
How to Get Your Student Loans Forgiven: A Complete Guide – Forbes Advisor,chrome.exe,distracted
Lecture 4: Cellular Respiration - YouTube,chrome.exe,on_task
main.py - Biology Data Analysis,code.exe,on_task
config.json - Skyrim Mod Loader,code.exe,distracted
Chapter 3 Notes - CourseHero,msedge.exe,on_task
Summer Concert Tickets - Ticketmaster,msedge.exe,distracted
"Fahrenheit 451: A Critical Analysis of Censorship and Conformity - JSTOR"" | **Process Name**: chrome.exe | **Task Label**: on_task",chrome.exe,distracted
"The Symbolism of Fire in Bradbury's Dystopia - Project MUSE"" | **Process Name**: chrome.exe | **Task Label**: on_task",chrome.exe,distracted
"Pedagogical Approaches to Teaching Fahrenheit 451 in Higher Ed"" | **Process Name**: chrome.exe | **Task Label**: on_task",chrome.exe,distracted
"Ray Bradbury's Critique of Mass Media: An Academic Review"" | **Process Name**: chrome.exe | **Task Label**: on_task",chrome.exe,distracted
"Drafting Syllabus: Modern Dystopian Literature - Google Docs"" | **Process Name**: chrome.exe | **Task Label**: on_task",chrome.exe,distracted
"Comparative Study: Fahrenheit 451 vs. 1984 - Oxford Academic"" | **Process Name**: chrome.exe | **Task Label**: on_task",chrome.exe,distracted
"Historical Context of McCarthyism in Fahrenheit 451"" | **Process Name**: chrome.exe | **Task Label**: on_task",chrome.exe,distracted
"Portuguese-English Immersion: Color Vocabulary Flashcards | TeachLanguages"" | **Process Name**: msedge.exe | **Task Label**: on_task",msedge.exe,distracted
"Dual-Language Lesson Plan: Days of the Week Songs | BilingualEdHub"" | **Process Name**: msedge.exe | **Task Label**: on_task",msedge.exe,distracted
"Printable Portuguese Alphabet Tracing Sheets (K-2) | ClassroomFreebies"" | **Process Name**: msedge.exe | **Task Label**: on_task",msedge.exe,distracted
"Immersion Activity: Grocery Store Roleplay Script (PT/EN) | TeacherPayTeachers"" | **Process Name**: msedge.exe | **Task Label**: on_task",msedge.exe,distracted
"Portuguese Folk Tales Translated for Elementary Students | WorldStoriesEd"" | **Process Name**: msedge.exe | **Task Label**: on_task",msedge.exe,distracted
Lecture 4: Cellular Respiration Mechanisms - YouTube,chrome.exe,on_task
Top 10 Funniest Cat Fails of 2027 - YouTube,chrome.exe,distracted
project_biology_sim.py - Coursework,code.exe,on_task
mod_loader_v2.cs - Skyrim Modding,code.exe,distracted
Chemistry Lab Report Draft.docx,winword.exe,on_task
Summer Concert Ticket Confirmation.docx,winword.exe,distracted
"VR_Mitosis_Simulation - Unity 2022.3.15f1"" | **Process**: unity.exe | **Task Label**: on_task",unity.exe,distracted
"Grade8_Physics_Forces_Lab - Unity 2022.3.15f1"" | **Process**: unity.exe | **Task Label**: on_task",unity.exe,distracted
"Chemistry_Bonding_VR_Module - Unity 2022.3.15f1"" | **Process**: unity.exe | **Task Label**: on_task",unity.exe,distracted
"Historical_Archaeology_Dig_Sim - Unity 2022.3.15f1"" | **Process**: unity.exe | **Task Label**: on_task",unity.exe,distracted
"Algebra_Geometry_Visualizer_Tool - Unity 2022.3.15f1"" | **Process**: unity.exe | **Task Label**: on_task",unity.exe,distracted
"Biology_Cell_Structure_Explorer - Unity 2022.3.15f1"" | **Process**: unity.exe | **Task Label**: on_task",unity.exe,distracted
'Chapter 4: Thermodynamics Lecture - YouTube',chrome.exe,on_task
'Top 10 Fails of the Week - YouTube',chrome.exe,distracted
'project_mod_v2.cs - Visual Studio Code',code.exe,distracted
'Physics_Lab_Report.docx - Word',winword.exe,on_task
Quantum Mechanics: Wave-Particle Duality - YouTube,chrome.exe,on_task
main.py - thermodynamics_simulation - Visual Studio Code,code.exe,on_task
mod_loader.js - SkyrimSE - Visual Studio Code,code.exe,distracted
A-Level Physics Notes: Circular Motion.pdf,msedge.exe,on_task
Coldplay London Tickets - Booking Confirmation.pdf,msedge.exe,distracted
Chapter 12: Cellular Respiration - Lecture.mp4,chrome.exe,on_task
Modding Skyrim: Script Extender,code.exe,distracted
Limit Laws and Continuity - Calculus I Lecture 4,chrome.exe,on_task
thermodynamics_cycle_notes.docx,winword.exe,on_task
Black Friday Deals - Laptops & Electronics,msedge.exe,distracted
src/main.py - Projectile Motion Simulator,code.exe,on_task
src/main.py - Minecraft Mod: New Biomes,code.exe,distracted
Organic_Chemistry_Chapter5.pdf,chrome.exe,on_task
Coldplay_Tickets_Confirmation.pdf,chrome.exe,distracted
'Khan Academy: Cellular Respiration Lecture',chrome.exe,on_task
'Top 10 Funniest Cat Fails 2027',chrome.exe,distracted
'Biology Chapter 4 Notes - OneNote',msedge.exe,on_task
'Buy Cheap Sneakers - Sale',msedge.exe,distracted
'main.py [Coursework_Project]',code.exe,on_task
'mod_script.lua [Skyrim_Mod]',code.exe,distracted
'Physics_Textbook_Ed12.pdf',chrome.exe,on_task
'Concert_Tickets_Confirmation.pdf',chrome.exe,distracted
Mitosis and Meiosis - Lecture 4 [YouTube],chrome.exe,on_task
VS Code - src/game_mod/player_stats.lua,code.exe,distracted
VS Code - bio_lab_report.py,code.exe,on_task
Steam - Library,steam.exe,distracted
Lecture 4: Thermodynamics - YouTube,chrome.exe,on_task
Top 10 Fails of the Week - YouTube,chrome.exe,distracted
notes_phys_ch3.pdf - Adobe Reader,acrobat.exe,on_task
Physics_Chapter3_Notes.docx - Word,winword.exe,on_task
Summer_Concert_Tickets.pdf - Edge,msedge.exe,distracted
main.cpp (Project: PhysicsSim) - Visual Studio Code,code.exe,on_task
main.cpp (Project: SkyrimMod) - Visual Studio Code,code.exe,distracted
"Concurrency - The Go Programming Language"" | **Process**: chrome.exe | **Task Label**: on_task",chrome.exe,distracted
"go sync package - Go Packages"" | **Process**: msedge.exe | **Task Label**: on_task",msedge.exe,distracted
"Effective Go - Concurrency"" | **Process**: chrome.exe | **Task Label**: on_task",chrome.exe,distracted
"goroutines - The Go Programming Language"" | **Process**: code.exe | **Task Label**: on_task",code.exe,distracted
"channels - The Go Programming Language"" | **Process**: msedge.exe | **Task Label**: on_task",msedge.exe,distracted
"Package sync - Go Documentation Server"" | **Process**: chrome.exe | **Task Label**: on_task",chrome.exe,distracted
"Go Concurrency Patterns - Google Developers"" | **Process**: msedge.exe | **Task Label**: on_task",msedge.exe,distracted
Lecture 12: Operating System Kernels - YouTube,chrome.exe,on_task
Top 10 Epic Gaming Moments - YouTube,chrome.exe,distracted
CS401_Final_Notes.docx,winword.exe,on_task
Buy Cheap Concert Tickets - Ticketmaster,msedge.exe,distracted
Project: DungeonCrawlerMod - Visual Studio Code,code.exe,distracted
Project: CS401_Assignment3 - Visual Studio Code,code.exe,on_task
Narrative Writing Unit Plans – Grade 10 | Google Docs,chrome.exe,on_task
Department Shared Drive: Narrative Arc Resources,chrome.exe,on_task
Canvas LMS: Drafting Narrative Prompts for Module 4,chrome.exe,on_task
Quizlet: Student Examples of Strong Hooks,chrome.exe,on_task
Edutopia: Strategies for Teaching First-Person Narratives,chrome.exe,on_task
Google Classroom: Assigning Narrative Peer Review Groups,chrome.exe,on_task
Common Core Standards: Narrative Writing Grade 9-10,chrome.exe,on_task
Schoology: Rubric Builder for Narrative Essays,chrome.exe,on_task
Turnitin: Checking Plagiarism in Student Drafts,chrome.exe,on_task
TeachersPayTeachers: Downloading Narrative Storyboard Templates,chrome.exe,on_task
"ENG101_Rubric_Breakdown.docx - Word"" | **Process Name**: winword.exe | **Task Label**: on_task",winword.exe,distracted
"Final_Essay_Grubric_Guidelines.docx - Word"" | **Process Name**: winword.exe | **Task Label**: on_task",winword.exe,distracted
"Week4_Assessment_Criteria_Explained.docx - Word"" | **Process Name**: winword.exe | **Task Label**: on_task",winword.exe,distracted
"Student_Feedback_Rubric_Template.docx - Word"" | **Process Name**: winword.exe | **Task Label**: on_task",winword.exe,distracted
"Grading_Standards_and_Expectations.docx - Word"" | **Process Name**: winword.exe | **Task Label**: on_task",winword.exe,distracted
"Linear Algebra: Eigenvalues and Eigenvectors - Lecture 4"" | **Process**: chrome.exe | **Label**: on_task",chrome.exe,distracted
"PHYS101: Thermodynamics Notes - Week 3"" | **Process**: msedge.exe | **Label**: on_task",msedge.exe,distracted
"main.py - Calculus Homework [VS Code]"" | **Process**: code.exe | **Label**: on_task",code.exe,distracted
"Organic_Chemistry_Textbook_Chapter5.pdf"" | **Process**: chrome.exe | **Label**: on_task",chrome.exe,distracted
"General Chemistry Study Group"" | **Process**: discord.exe | **Label**: on_task",discord.exe,distracted
"Essay Draft: Impact of Industrial Revolution.docx"" | **Process**: winword.exe | **Label**: on_task",winword.exe,distracted
"Steam Community :: Group Chat"" | **Process**: steam.exe | **Label**: distracted",steam.exe,on_task
Organic Chemistry Lecture 4: Kinetics - YouTube,chrome.exe,on_task
Top 10 Funniest Cat Fails 2026 - YouTube,chrome.exe,distracted
main.py - ThermodynamicsProject,code.exe,on_task
mod_script.lua - SkyrimSE,code.exe,distracted
Physics Lab Report Draft.docx,winword.exe,on_task
'Lecture 12: The French Revolution - YouTube',chrome.exe,on_task
'Top 10 Funny Cat Fails - YouTube',chrome.exe,distracted
'History_Notes_Final.docx',winword.exe,on_task
'Black Friday Deals - Laptops.docx',winword.exe,distracted
'CS101_Assignment3.py',code.exe,on_task
'Skyrim_Mod_Script.py',code.exe,distracted
"informal_fallacies_draft_v3.txt - Sublime Text"" | **Process Name**: sublime_text.exe | **Task Label**: on_task",sublime_text.exe,distracted
"lecture_notes_ad_hominem.txt - Sublime Text"" | **Process Name**: sublime_text.exe | **Task Label**: on_task",sublime_text.exe,distracted
"syllabus_fallacies_section.docx - Sublime Text"" | **Process Name**: sublime_text.exe | **Task Label**: on_task",sublime_text.exe,distracted
"manuscript_chapter4_strawman.txt - Sublime Text"" | **Process Name**: sublime_text.exe | **Task Label**: on_task",sublime_text.exe,distracted
"teaching_materials_slippery_slope.txt - Sublime Text"" | **Process Name**: sublime_text.exe | **Task Label**: on_task",sublime_text.exe,distracted
"research_paper_false_dilemma_analysis.txt - Sublime Text"" | **Process Name**: sublime_text.exe | **Task Label**: on_task",sublime_text.exe,distracted
"student_handout_logical_errors.txt - Sublime Text"" | **Process Name**: sublime_text.exe | **Task Label**: on_task",sublime_text.exe,distracted
'Khan Academy - The French Revolution',chrome.exe,on_task
'Biology 101: Cell Structure Notes.docx',winword.exe,on_task
'Black Friday Deals - Laptops',msedge.exe,distracted
'main.py - CS50 Problem Set 3',code.exe,on_task
'skyrim_mod_loader.py - Dragon Quest Mod',code.exe,distracted
Lecture 4: Semantic Syntax - Fall 2023 [YouTube],chrome.exe,on_task
Dune: Part Two - Official Trailer [YouTube],chrome.exe,distracted
main.py - linguistics_404_project - Visual Studio Code,code.exe,on_task
script.lua - skyrim_mod_wip - Visual Studio Code,code.exe,distracted
Introduction to Phonology.pdf - Adobe Acrobat Reader,acrord32.exe,on_task
Ticketmaster Confirmation - Taylor Swift.pdf - Microsoft Edge,msedge.exe,distracted
"Lecture 12: Quantum Mechanics - PHYS 202"" | **Process**: chrome.exe | **Label**: on_task",chrome.exe,distracted
"Biology 101: Cell Structure Notes.docx"" | **Process**: winword.exe | **Label**: on_task",msedge.exe,distracted
"src/main.py - Coursework Project"" | **Process**: code.exe | **Label**: on_task",code.exe,distracted
"Introduction_to_Psychology_Ch4.pdf"" | **Process**: chrome.exe | **Label**: on_task",msedge.exe,distracted
IT Data Governance Style Guide – Section 4.2: Metadata Standards | Internal Wiki,chrome.exe,on_task
Top 10 Tech Breakthroughs of 2024 You Missed – TechDaily,chrome.exe,distracted
Data Governance Frameworks: A Consultant's Checklist [PDF Viewer],chrome.exe,on_task
New AI Chip Wars: NVIDIA vs. AMD – The Verge,chrome.exe,distracted
Drafting Academic Papers on IT Policy: Style & Tone Guide,chrome.exe,on_task
Silicon Valley Startup Funding Rounds – Crunchbase News,chrome.exe,distracted
ISO/IEC 38505-1: Data Governance Compliance Requirements,chrome.exe,on_task
Review: The Latest Smart Glasses from Meta – CNET,chrome.exe,distracted
Best Practices for Data Stewardship in Higher Education | GovTech Institute,chrome.exe,on_task
Why Your Cloud Provider Might Be Leaking Data – Wired,chrome.exe,distracted
'Lecture 4: Graph Algorithms - CS2024',chrome.exe,on_task
'Top 10 Speedrun any% Glitches',chrome.exe,distracted
'Data Structures Final Exam Notes.docx',winword.exe,on_task
'Summer Festival Tickets - Checkout',msedge.exe,distracted
'Project: Pathfinder Modding Tools',code.exe,distracted
'Assignment 3: Sorting Implementation',code.exe,on_task
"Problem Set 3: Context-Rich Modeling of Projectile Motion with Air Resistance"" | **Process Name**: msedge.exe | **Task Label**: on_task",msedge.exe,distracted
"Grading Rubric: Context-Rich Problems on Conservation of Energy"" | **Process Name**: msedge.exe | **Task Label**: on_task",msedge.exe,distracted
"Student Submission: Modeling Terminal Velocity in a Real-World Skydiving Scenario"" | **Process Name**: msedge.exe | **Task Label**: on_task",msedge.exe,distracted
"Lesson Plan: Integrating Context-Rich Friction Problems for AP Physics 1"" | **Process Name**: msedge.exe | **Task Label**: on_task",msedge.exe,distracted
"Data Analysis: Student Results on Context-Rich Circuit Modeling Lab"" | **Process Name**: msedge.exe | **Task Label**: on_task",msedge.exe,distracted
"Drafting New Context-Rich Assessment: Rotational Dynamics in Bicycle Mechanics"" | **Process Name**: msedge.exe | **Task Label**: on_task",msedge.exe,distracted
"Peer Review: Context-Rich Fluid Dynamics Problem regarding Blood Flow"" | **Process Name**: msedge.exe | **Task Label**: on_task",msedge.exe,distracted
